City ID,City,Country,Lat,Lng,Max Temp,Humidity,Cloudiness,Wind Speed,Current Description
0,Pevek,RU,69.7008,170.3133,-15.2,98,100,3.96,overcast clouds
1,Qaanaaq,GL,77.484,-69.3632,-5.53,87,100,5.14,overcast clouds
2,Yellowknife,CA,62.456,-114.3525,-14.58,82,86,5.01,overcast clouds
3,Butaritari,KI,3.0707,172.7902,82.54,72,41,17.25,scattered clouds
4,Chokurdakh,RU,70.6333,147.9167,-20.61,89,85,1.79,overcast clouds
5,Shcherbinka,RU,55.4997,37.5597,24.8,86,100,8.95,light snow
6,Conakry,GN,9.538,-13.6773,73.36,67,28,2.44,scattered clouds
7,Busselton,AU,-33.65,115.3333,83.05,45,4,12.55,clear sky
8,Geraldton,AU,-28.7667,114.6,84.61,58,0,18.41,clear sky
9,Mataura,NZ,-46.1927,168.8643,58.84,93,100,2.13,overcast clouds
10,Bubaque,GW,11.2833,-15.8333,78.06,58,40,12.37,scattered clouds
11,Novikovo,RU,51.1537,37.8879,13.12,98,79,7.09,broken clouds
12,Hermanus,ZA,-34.4187,19.2345,64.8,89,2,10.4,clear sky
13,Brae,GB,60.3964,-1.353,39.11,63,72,21.9,broken clouds
14,Punta Arenas,CL,-53.15,-70.9167,46.11,70,0,11.5,clear sky
15,Marsa Matruh,EG,31.3525,27.2453,50.32,62,99,17.98,overcast clouds
16,Vaini,TO,-21.2,-175.2,81.9,76,99,11.95,light rain
17,Mendota,US,36.7536,-120.3816,51.48,59,69,2.51,broken clouds
18,Cherskiy,RU,68.75,161.3,-28.14,100,92,3.06,overcast clouds
19,Yumen,CN,40.2833,97.2,18.39,46,0,7.94,clear sky
20,Hobart,AU,-42.8794,147.3294,83.01,52,0,1.01,clear sky
21,Bluff,NZ,-46.6,168.3333,59.67,88,100,3.69,overcast clouds
22,Hovd,MN,48.0056,91.6419,-7.42,79,34,1.92,scattered clouds
23,Sioux Lookout,CA,50.1001,-91.917,7.18,85,75,5.75,broken clouds
24,Rikitea,PF,-23.1203,-134.9692,76.84,68,100,6.8,overcast clouds
25,Xining,CN,36.6167,101.7667,16.83,60,58,2.55,broken clouds
26,Georgetown,MY,5.4112,100.3354,89.53,62,20,11.5,haze
27,Tual,ID,-5.6667,132.75,82.89,76,100,17.87,overcast clouds
28,Kaihua,CN,23.3687,104.28,52.52,80,100,9.28,overcast clouds
29,Vestmannaeyjar,IS,63.4427,-20.2734,40.55,71,100,17.74,overcast clouds
30,Barrow,US,71.2906,-156.7887,-7.58,71,100,11.5,overcast clouds
31,Port Alfred,ZA,-33.5906,26.891,68.76,86,10,8.08,clear sky
32,Atuona,PF,-9.8,-139.0333,78.08,76,23,14.14,few clouds
33,Cidreira,BR,-30.1811,-50.2056,70.83,70,27,10.65,scattered clouds
34,Qaqortoq,GL,60.7167,-46.0333,14.5,85,100,10.2,light snow
35,Nikolskoye,RU,59.7035,30.7861,27.72,93,100,15.01,snow
36,Lanzhou,CN,36.0564,103.7922,23.31,64,10,4.83,clear sky
37,Airai,TL,-8.9266,125.4092,65.03,82,100,4.23,overcast clouds
38,Yarmouth,US,41.7057,-70.2286,17.6,88,75,10.36,broken clouds
39,Pangnirtung,CA,66.1451,-65.7125,-11.2,70,100,4.61,light snow
40,Sawtell,AU,-30.3833,153.1,83.19,65,82,11.5,broken clouds
41,Imeni Poliny Osipenko,RU,52.4201,136.4853,-4.74,95,100,6.78,light snow
42,Hilo,US,19.7297,-155.09,73.13,72,40,4.61,scattered clouds
43,Portland,US,45.5234,-122.6762,43.2,72,0,7.0,clear sky
44,Cape Town,ZA,-33.9258,18.4232,66.11,73,0,3.0,clear sky
45,Puerto Quijarro,BO,-17.7833,-57.7667,73.17,99,98,2.33,overcast clouds
46,Ushuaia,AR,-54.8,-68.3,42.46,87,100,2.3,overcast clouds
47,Great Bend,US,38.3645,-98.7648,35.62,80,0,4.61,clear sky
48,Lagoa,PT,39.05,-27.9833,57.92,70,7,16.8,clear sky
49,Bredasdorp,ZA,-34.5322,20.0403,64.27,91,5,4.99,clear sky
50,Chuy,UY,-33.6971,-53.4616,63.88,80,0,6.78,clear sky
51,Erattupetta,IN,9.7,76.7833,79.9,53,6,1.28,clear sky
52,Albany,US,42.6001,-73.9662,6.75,55,100,8.99,overcast clouds
53,Ayaviri,PE,-14.8864,-70.5889,45.95,82,100,0.27,overcast clouds
54,Bilibino,RU,68.0546,166.4372,-0.13,89,100,3.29,overcast clouds
55,Seoul,KR,37.5683,126.9778,37.81,23,16,5.75,few clouds
56,Narsaq,GL,60.9167,-46.05,14.22,89,100,6.13,overcast clouds
57,Iqaluit,CA,63.7506,-68.5145,-19.32,85,100,7.02,overcast clouds
58,Nelson Bay,AU,-32.7167,152.15,86.29,64,86,9.35,overcast clouds
59,Havelock,US,34.8791,-76.9013,30.15,48,0,5.99,clear sky
60,Thompson,CA,55.7435,-97.8558,-14.64,76,75,0.0,broken clouds
61,Alice Springs,AU,-23.7,133.8833,83.75,74,75,17.27,broken clouds
62,Nur,PL,52.6683,22.3221,34.7,96,99,25.43,light snow
63,Upernavik,GL,72.7868,-56.1549,-4.05,98,100,5.97,overcast clouds
64,Olinda,BR,-8.0089,-34.8553,80.33,78,75,5.75,broken clouds
65,Bethel,US,41.3712,-73.414,13.66,50,0,7.0,clear sky
66,Yeniseysk,RU,58.4497,92.1703,5.22,94,100,2.17,overcast clouds
67,Bengkulu,ID,-3.8004,102.2655,84.09,69,100,5.59,moderate rain
68,Yabelo,ET,4.8833,38.0833,56.82,26,92,7.4,overcast clouds
69,Makakilo City,US,21.3469,-158.0858,77.32,59,0,8.05,clear sky
70,Okha,RU,53.5739,142.9478,-0.17,87,93,8.93,overcast clouds
71,Mahebourg,MU,-20.4081,57.7,83.25,78,40,10.36,scattered clouds
72,Evensk,RU,61.95,159.2333,16.21,79,100,10.45,overcast clouds
73,Port Hawkesbury,CA,45.6169,-61.3485,46.9,99,100,7.0,mist
74,Isangel,VU,-19.55,169.2667,80.19,87,100,12.3,moderate rain
75,El Rincon,HN,14.5833,-87.9333,57.9,99,100,4.16,overcast clouds
76,Galle,LK,6.0367,80.217,83.53,61,6,3.62,clear sky
77,Sturgeon Falls,CA,46.3646,-79.9326,-11.45,98,66,0.98,broken clouds
78,Coahuayana,MX,18.7333,-103.6833,69.71,87,0,2.93,clear sky
79,Tilichiki,RU,60.4667,166.1,18.75,71,60,21.52,broken clouds
80,Jamestown,US,42.097,-79.2353,6.71,84,0,4.61,clear sky
81,Cayenne,GF,4.9333,-52.3333,78.1,90,75,0.0,broken clouds
82,Saint-Philippe,RE,-21.3585,55.7679,81.99,75,85,9.71,overcast clouds
83,Bathsheba,BB,13.2167,-59.5167,75.81,78,40,14.97,scattered clouds
84,Makanya,TZ,-4.3667,37.8333,69.71,93,100,3.49,light rain
85,Hasaki,JP,35.7333,140.8333,48.29,48,80,12.57,broken clouds
86,Westport,US,41.1415,-73.3579,15.84,45,0,5.01,clear sky
87,Beringovskiy,RU,63.05,179.3167,-12.69,100,77,2.98,broken clouds
88,Fortuna,US,40.5982,-124.1573,47.66,94,100,0.0,overcast clouds
89,Alugan,PH,12.2188,125.4808,83.35,73,11,7.92,few clouds
90,Sun City West,US,33.662,-112.3413,64.92,27,100,3.0,overcast clouds
91,Tiksi,RU,71.6872,128.8694,-9.89,97,51,3.06,broken clouds
92,Tyrma,RU,50.0833,132.1667,-4.5,81,50,1.81,scattered clouds
93,Provideniya,RU,64.3833,-173.3,3.54,84,19,4.79,few clouds
94,Sitka,US,57.0531,-135.33,35.49,80,100,5.75,light rain
95,Alofi,NU,-19.0595,-169.9187,80.92,75,100,8.68,moderate rain
96,Gongzhuling,CN,43.5008,124.8198,17.73,41,0,6.73,clear sky
97,Long Xuyen,VN,10.3833,105.4167,84.15,60,84,6.44,broken clouds
98,East London,ZA,-33.0153,27.9116,68.61,83,11,5.75,few clouds
99,Lasa,IT,46.6166,10.7002,38.14,92,13,9.26,few clouds
100,Constitucion,CL,-35.3333,-72.4167,56.89,93,62,6.85,broken clouds
101,Sindor,RU,62.8629,51.8905,12.24,95,100,6.6,overcast clouds
102,Comodoro Rivadavia,AR,-45.8667,-67.5,62.46,39,0,20.71,clear sky
103,Chitungwiza,ZW,-18.0127,31.0756,61.27,96,100,7.9,overcast clouds
104,Datong,CN,40.0936,113.2914,29.34,45,72,15.52,broken clouds
105,Sola,VU,-13.8833,167.55,81.73,79,100,15.61,heavy intensity rain
106,Kapaa,US,22.0752,-159.319,76.98,72,0,3.44,clear sky
107,Ponta Do Sol,PT,32.6667,-17.1,63.23,40,6,5.53,clear sky
108,Dongsheng,CN,39.8161,109.9776,15.66,41,0,26.51,clear sky
109,Kisangani,CD,0.5167,25.2,66.04,54,51,1.88,broken clouds
110,Mendi,PG,-6.1761,143.6513,64.81,72,100,4.76,overcast clouds
111,Acapulco,MX,16.8634,-99.8901,80.42,78,20,8.05,few clouds
112,Victoria,HK,22.2855,114.1577,67.24,64,67,1.01,broken clouds
113,Maniwaki,CA,46.3834,-75.966,-13.18,98,49,4.05,scattered clouds
114,Coihaique,CL,-45.5752,-72.0662,47.01,76,0,6.91,clear sky
115,Ust-Kut,RU,56.7938,105.7672,2.08,93,97,1.61,overcast clouds
116,Komsomolskiy,UZ,40.4272,71.7189,34.52,93,100,4.61,fog
117,Cabo San Lucas,MX,22.8909,-109.9124,67.95,63,5,6.93,clear sky
118,Avarua,CK,-21.2078,-159.775,82.45,74,20,8.05,few clouds
119,Faya,SA,18.3851,42.4509,50.52,83,7,3.47,clear sky
120,New Norfolk,AU,-42.7826,147.0587,82.65,30,0,3.0,clear sky
121,Kardla,EE,58.9978,22.7492,36.01,99,100,8.55,light snow
122,Gat,IL,31.61,34.7642,44.08,100,0,3.44,clear sky
123,Weiser,US,44.251,-116.9693,21.47,84,14,4.12,few clouds
124,Mar Del Plata,AR,-38.0023,-57.5575,69.87,83,0,20.0,clear sky
125,Namibe,AO,-15.1961,12.1522,70.18,76,100,3.56,overcast clouds
126,Kultayevo,RU,57.8943,55.9392,-0.04,77,0,4.0,clear sky
127,Faanui,PF,-16.4833,-151.75,80.82,71,100,6.24,overcast clouds
128,Jeremie,HT,18.65,-74.1167,75.69,79,7,4.68,clear sky
129,Baruun-Urt,MN,46.6806,113.2792,3.96,73,95,9.31,overcast clouds
130,Peniche,PT,39.3558,-9.3811,54.93,44,68,9.1,broken clouds
131,Nanortalik,GL,60.1432,-45.2371,18.37,70,100,19.62,light snow
132,Wewak,PG,-3.5534,143.6268,83.97,75,71,14.81,broken clouds
133,Ballina,AU,-28.8667,153.5667,86.18,78,51,10.78,broken clouds
134,Longyearbyen,SJ,78.2186,15.6401,6.64,72,0,17.27,clear sky
135,Aksu,CN,41.1231,80.2644,29.1,42,87,3.31,overcast clouds
136,Caravelas,BR,-17.7125,-39.2481,76.98,87,40,8.1,scattered clouds
137,Barguzin,RU,53.6167,109.6167,-4.13,95,78,1.07,broken clouds
138,Manyana,BW,-23.4,21.7167,68.43,77,69,13.09,broken clouds
139,Sakakah,SA,29.9697,40.2064,41.45,53,0,7.7,clear sky
140,Ola,RU,59.5833,151.2833,18.91,76,100,12.84,overcast clouds
141,Taman,RU,45.2117,36.7161,32.34,68,9,14.72,clear sky
142,Dingle,PH,10.9995,122.6711,87.06,64,11,3.0,few clouds
143,Prince Rupert,CA,54.3161,-130.3201,39.29,93,100,4.61,overcast clouds
144,Itaituba,BR,-4.2761,-55.9836,71.11,100,100,0.94,overcast clouds
145,Namtsy,RU,62.7161,129.6658,-30.89,96,73,1.54,broken clouds
146,Kruisfontein,ZA,-34.0033,24.7314,56.88,90,1,3.51,clear sky
147,Praya,CV,14.9215,-23.5087,69.64,75,100,16.31,overcast clouds
148,Saskylakh,RU,71.9167,114.0833,-19.17,100,99,3.53,overcast clouds
149,Nome,US,64.5011,-165.4064,-7.53,59,0,0.0,clear sky
150,Katsuura,JP,35.1333,140.3,48.11,55,98,11.65,overcast clouds
151,Taunggyi,MM,20.7833,97.0333,64.08,23,0,5.5,clear sky
152,Sangar,RU,63.9242,127.4739,-25.17,95,80,3.74,broken clouds
153,Puerto Ayora,EC,-0.7393,-90.3518,73.18,85,81,5.57,broken clouds
154,Port Lincoln,AU,-34.7333,135.8667,74.05,64,4,11.9,clear sky
155,Kloulklubed,PW,7.0419,134.2556,84.7,70,69,12.68,broken clouds
156,Greymouth,NZ,-42.4667,171.2,68.34,62,90,9.08,overcast clouds
157,Mehamn,NO,71.0357,27.8492,18.16,87,82,5.84,broken clouds
158,Melo,UY,-32.3667,-54.1833,60.46,82,1,7.72,clear sky
159,Santa Isabel Do Rio Negro,BR,-0.4139,-65.0192,73.45,97,97,2.93,overcast clouds
160,Nantucket,US,41.2835,-70.0995,19.51,79,75,24.16,broken clouds
161,Homer,US,59.6425,-151.5483,22.89,85,75,16.11,broken clouds
162,Normandin,CA,48.8333,-72.5321,-3.55,87,100,8.39,overcast clouds
163,Plettenberg Bay,ZA,-34.0527,23.3716,63.99,86,3,1.05,clear sky
164,Dao,PH,11.3937,122.6856,86.85,65,13,2.06,few clouds
165,Korla,CN,41.7597,86.1469,27.14,43,100,3.04,overcast clouds
166,Lapeer,US,43.0514,-83.3188,16.21,73,75,5.75,broken clouds
167,Oranjemund,NA,-28.55,16.4333,64.2,90,42,6.58,scattered clouds
168,Bjornevatn,NO,69.6672,29.9847,-0.06,85,75,4.61,broken clouds
169,Byron Bay,AU,-28.65,153.6167,86.11,83,55,9.98,broken clouds
170,Kaitangata,NZ,-46.2817,169.8464,57.6,95,100,2.93,overcast clouds
171,Olafsvik,IS,64.8945,-23.7142,37.99,68,100,25.23,overcast clouds
172,Pisco,PE,-13.7,-76.2167,69.85,78,20,4.61,few clouds
173,Cabedelo,BR,-6.9811,-34.8339,77.67,80,100,9.64,overcast clouds
174,Hami,CN,42.8,93.45,24.62,35,6,2.42,clear sky
175,Tuktoyaktuk,CA,69.4541,-133.0374,-5.69,96,100,16.73,overcast clouds
176,San Patricio,US,28.017,-97.5169,57.04,55,9,8.39,clear sky
177,Watertown,US,42.3709,-71.1828,13.41,84,100,8.99,overcast clouds
178,Puerto Rondon,CO,6.2805,-71.1,78.8,49,79,4.83,broken clouds
179,Darnah,LY,32.767,22.6367,53.02,80,100,39.17,overcast clouds
180,Fukue,JP,32.6881,128.8419,48.29,50,99,15.39,overcast clouds
181,Xifeng,CN,42.7372,124.7222,19.94,39,0,8.3,clear sky
182,Graaff-Reinet,ZA,-32.2522,24.5308,56.91,94,0,1.23,clear sky
183,Dikson,RU,73.5069,80.5464,7.05,94,100,16.64,overcast clouds
184,Barquisimeto,VE,10.0739,-69.3228,68.18,87,28,5.35,scattered clouds
185,San Quintin,MX,30.4833,-115.95,59.02,73,14,6.89,few clouds
186,Hargeysa,SO,9.56,44.065,53.91,64,36,10.16,scattered clouds
187,Tessalit,ML,20.1986,1.0114,63.57,17,25,10.56,scattered clouds
188,Bambous Virieux,MU,-20.3428,57.7575,83.21,78,40,10.36,scattered clouds
189,Iquitos,PE,-3.7481,-73.2472,73.44,100,0,2.3,clear sky
190,Tabou,CI,4.423,-7.3528,77.61,88,49,1.1,scattered clouds
191,Krasavino,RU,60.9614,46.4814,13.42,96,99,5.68,light snow
192,Acarau,BR,-2.8856,-40.12,76.64,82,100,9.35,overcast clouds
193,Tsabong,BW,-26.0217,22.401,72.36,70,0,12.26,clear sky
194,Innoshima,JP,34.2833,133.1833,47.41,43,100,4.32,overcast clouds
195,Teahupoo,PF,-17.8333,-149.2667,75.16,75,69,8.93,light rain
196,Lac Du Bonnet,CA,50.2536,-96.0612,-0.45,100,98,3.8,overcast clouds
197,Kodinsk,RU,58.6881,99.1844,4.06,93,100,2.21,overcast clouds
198,Bonthe,SL,7.5264,-12.505,75.51,85,89,2.86,overcast clouds
199,Hithadhoo,MV,-0.6,73.0833,81.05,68,55,3.51,broken clouds
200,Sinnamary,GF,5.3833,-52.95,75.45,88,25,7.58,scattered clouds
201,North Bend,US,43.4065,-124.2243,46.94,99,0,0.0,clear sky
202,Lovozero,RU,68.005,35.0117,-6.2,100,73,3.69,broken clouds
203,Santa Rosa,PH,14.3122,121.1114,89.1,65,45,10.36,scattered clouds
204,Maun,BW,-19.9833,23.4167,67.37,94,100,6.24,light rain
205,Jardim,BR,-21.4803,-56.1381,76.71,76,100,2.8,overcast clouds
206,Ayr,GB,55.4627,-4.6339,40.1,93,97,4.61,overcast clouds
207,Whitehorse,CA,60.7161,-135.0538,18.37,79,100,4.61,light snow
208,Honolulu,US,21.3069,-157.8583,78.62,66,20,10.36,few clouds
209,Ancud,CL,-41.8697,-73.8203,56.73,88,100,9.64,overcast clouds
210,Sao Filipe,CV,14.8961,-24.4956,70.56,73,76,11.18,broken clouds
211,Norman Wells,CA,65.282,-126.8329,-21.93,98,100,3.56,overcast clouds
212,Linjiang,CN,41.8069,126.9078,20.97,60,11,2.35,few clouds
213,Carnarvon,AU,-24.8667,113.6333,84.27,70,61,17.27,light rain
214,Langenburg,DE,49.2544,9.8458,43.84,90,100,17.27,overcast clouds
215,Noshiro,JP,40.2039,140.0242,28.06,77,100,20.07,light snow
216,Koumac,NC,-20.5667,164.2833,84.18,71,87,8.77,overcast clouds
217,Kahului,US,20.8947,-156.47,77.02,62,0,3.44,clear sky
218,Yerbogachen,RU,61.2767,108.0108,-2.04,94,100,4.76,overcast clouds
219,Yenagoa,NG,4.9247,6.2642,71.2,69,100,4.79,overcast clouds
220,Vardo,NO,70.3705,31.1107,23.65,77,84,4.56,broken clouds
221,Santa Cruz Del Norte,CU,23.1539,-81.9236,63.34,58,95,19.86,overcast clouds
222,Port Elizabeth,ZA,-33.918,25.5701,66.49,94,75,5.75,broken clouds
223,Laguna,US,38.421,-121.4238,54.1,74,0,0.0,clear sky
224,Ahipara,NZ,-35.1667,173.1667,75.52,53,58,3.53,broken clouds
225,Wanaka,NZ,-44.7,169.15,73.2,42,100,3.94,overcast clouds
226,Mutuipe,BR,-13.2286,-39.5047,71.29,94,100,2.3,overcast clouds
227,Stokmarknes,NO,68.5646,14.9108,29.5,73,100,3.2,overcast clouds
228,Te Anau,NZ,-45.4167,167.7167,64.53,71,100,1.28,overcast clouds
229,Henties Bay,NA,-22.116,14.2845,63.86,85,77,4.47,broken clouds
230,Fallon,US,39.4735,-118.7774,26.47,54,0,4.61,clear sky
231,Asadabad,IR,34.7824,48.1185,17.55,77,2,1.16,clear sky
232,Yacuiba,BO,-22.038,-63.6797,67.41,66,9,4.47,clear sky
233,Sarai,RU,53.7458,41.0213,25.21,97,100,5.41,snow
234,Labuhan,ID,-6.8844,112.2051,85.44,68,96,4.52,overcast clouds
235,Karoi,ZW,-16.8099,29.6925,62.15,97,100,7.47,overcast clouds
236,Pangai,TO,-19.8,-174.35,82.4,74,100,10.71,light rain
237,Ilinskiy,RU,55.619,38.1182,25.18,100,100,6.71,overcast clouds
238,Bone,DE,51.9669,12.1396,44.91,71,82,30.87,broken clouds
239,Teguldet,RU,57.3064,88.1667,5.2,96,89,2.46,overcast clouds
240,Cobourg,DE,50.2667,10.9667,42.78,75,72,7.0,broken clouds
241,Ketchikan,US,55.3422,-131.6461,39.18,91,98,5.55,light rain
242,Clyde River,CA,70.4692,-68.5914,-15.9,95,100,3.47,overcast clouds
243,Kodiak,US,57.79,-152.4072,31.51,59,0,18.41,clear sky
244,Nhulunbuy,AU,-12.2333,136.7667,79.41,89,75,9.22,light rain
245,Mount Isa,AU,-20.7333,139.5,85.77,58,100,13.8,overcast clouds
246,Rehoboth,NA,-23.3167,17.0833,69.35,70,89,11.27,light rain
247,Saint-Pierre,RE,-21.3393,55.4781,82.08,74,0,17.27,clear sky
248,Abadan,IR,30.3392,48.3043,46.35,71,0,6.91,clear sky
249,Dzhebariki-Khaya,RU,62.2167,135.8,-23.78,92,82,1.03,broken clouds
250,Bacolod,PH,10.6667,122.95,85.15,69,15,4.81,few clouds
251,Nouadhibou,MR,20.931,-17.0347,62.58,82,100,16.11,overcast clouds
252,Klyuchi,RU,52.2667,79.1667,12.2,90,49,12.53,scattered clouds
253,Souillac,MU,-20.5167,57.5167,83.35,78,40,10.36,scattered clouds
254,Tasiilaq,GL,65.6145,-37.6368,12.36,63,100,12.17,overcast clouds
255,Ust-Kulom,RU,61.6864,53.6902,8.74,97,100,5.26,overcast clouds
256,Neiafu,TO,-18.65,-173.9833,82.78,70,99,10.25,overcast clouds
257,Huarmey,PE,-10.0681,-78.1522,70.5,84,67,7.9,broken clouds
258,Antalaha,MG,-14.9003,50.2788,76.23,78,91,5.06,overcast clouds
259,Aripuana,BR,-9.1667,-60.6333,70.81,100,100,2.44,overcast clouds
260,Waingapu,ID,-9.6567,120.2641,87.21,65,93,14.79,overcast clouds
261,Lavrentiya,RU,65.5833,-171.0,-4.07,88,3,3.8,clear sky
262,Lufilufi,WS,-13.8745,-171.5986,83.41,70,40,12.88,light rain
263,Las Choapas,MX,17.9333,-94.0833,64.27,92,100,6.08,overcast clouds
264,Alekseyevsk,RU,57.8406,108.3492,-6.18,95,100,2.73,overcast clouds
265,Nioro,GM,13.35,-15.75,72.23,32,84,10.38,broken clouds
266,Bestobe,KZ,52.4994,73.0975,7.18,96,27,8.23,scattered clouds
267,Rawson,AR,-43.3002,-65.1023,77.23,23,20,22.82,few clouds
268,Lalibela,ET,12.0333,39.0333,53.38,59,40,1.99,scattered clouds
269,Ferrol,ES,43.4832,-8.2369,47.5,76,69,5.59,broken clouds
270,Salekhard,RU,66.53,66.6019,-24.54,100,97,1.86,overcast clouds
271,Coquimbo,CL,-29.9533,-71.3436,62.33,82,0,3.44,clear sky
272,Nizwa,OM,22.9333,57.5333,68.13,40,0,0.81,clear sky
273,Kiama,AU,-34.6833,150.8667,81.0,74,97,8.72,overcast clouds
274,Pajapan,MX,18.25,-94.7,63.3,91,100,6.2,overcast clouds
275,Araouane,ML,18.9048,-3.5265,68.32,13,53,13.51,broken clouds
276,Prince Albert,CA,53.2001,-105.7677,15.75,86,100,5.75,mist
277,Mezen,RU,65.8522,44.24,11.03,94,100,10.02,overcast clouds
278,Codrington,AU,-38.2667,141.9667,72.63,72,96,12.21,overcast clouds
279,Salalah,OM,17.0151,54.0924,71.98,51,76,2.62,broken clouds
280,Srivardhan,IN,18.0333,73.0167,76.84,34,47,3.98,scattered clouds
281,Grand Gaube,MU,-20.0064,57.6608,83.37,68,85,5.01,overcast clouds
282,Bocana De Paiwas,NI,12.7857,-85.1227,67.05,93,12,5.28,few clouds
283,Bazarnyye Mataki,RU,54.8833,49.9333,9.25,98,94,6.35,light snow
284,Torres,BR,-29.3353,-49.7269,67.82,82,92,3.78,overcast clouds
285,Shaki,AZ,41.0833,47.1667,32.09,46,57,6.71,broken clouds
286,Opuwo,NA,-18.0607,13.84,64.6,51,100,4.09,overcast clouds
287,Yulara,AU,-25.2406,130.9889,91.24,49,75,19.57,broken clouds
288,Rio Gallegos,AR,-51.6226,-69.2181,46.45,81,75,13.8,broken clouds
289,Mago,RU,53.2514,140.1822,1.81,87,100,7.09,overcast clouds
290,Muyezerskiy,RU,63.9333,31.65,18.37,88,100,9.4,overcast clouds
291,Tibati,CM,6.4667,12.6333,66.16,19,85,8.5,overcast clouds
292,Arraial Do Cabo,BR,-22.9661,-42.0278,73.44,95,100,10.16,overcast clouds
293,Ribeira Grande,PT,38.5167,-28.7,59.22,74,79,17.25,broken clouds
294,Sterling,US,39.0062,-77.4286,21.97,52,0,17.0,clear sky
295,Taoudenni,ML,22.6783,-3.9836,69.12,16,99,10.13,overcast clouds
296,Barra Do Corda,BR,-5.5,-45.25,69.03,98,54,0.67,broken clouds
297,Lillooet,CA,50.6856,-121.942,39.92,94,100,4.65,overcast clouds
298,Xilitla,MX,21.3333,-98.9667,48.27,89,68,2.55,broken clouds
299,Worthington,US,40.0931,-83.018,16.57,76,0,1.99,clear sky
300,Davila,PH,18.4726,120.5763,78.78,89,100,12.88,overcast clouds
301,Antofagasta,CL,-23.65,-70.4,63.68,82,55,3.85,broken clouds
302,Kununurra,AU,-15.7667,128.7333,89.58,58,40,18.41,scattered clouds
303,Cockburn Town,TC,21.4612,-71.1419,77.36,71,0,12.24,clear sky
304,Angoche,MZ,-16.2325,39.9086,75.27,89,92,3.47,overcast clouds
305,Shenzhen,CN,22.5455,114.0683,67.14,74,43,10.85,scattered clouds
306,Deputatskiy,RU,69.3,139.9,-20.49,99,95,2.24,overcast clouds
307,Thinadhoo,MV,0.5333,72.9333,81.66,71,69,5.35,broken clouds
308,Avera,US,33.194,-82.5271,33.67,37,0,5.97,clear sky
309,Aklavik,CA,68.2191,-135.0107,-17.57,87,100,5.35,overcast clouds
310,Odweyne,SO,9.4092,45.064,58.87,34,11,5.23,few clouds
311,Khatanga,RU,71.9667,102.5,-14.51,98,84,7.52,broken clouds
312,Corning,US,42.1428,-77.0547,9.07,72,0,10.36,clear sky
313,Los Llanos De Aridane,ES,28.6585,-17.9182,56.95,76,100,8.01,overcast clouds
314,Nishihara,JP,26.1842,127.7558,69.08,73,40,16.11,scattered clouds
315,Castro,BR,-24.7911,-50.0119,60.22,99,100,5.23,overcast clouds
316,Kijang,KR,35.2442,129.2139,44.33,15,100,0.98,overcast clouds
317,Varhaug,NO,58.6147,5.6457,41.49,73,48,42.26,scattered clouds
318,Avon,US,41.4517,-82.0354,11.86,81,20,1.01,few clouds
319,Black River,JM,18.0264,-77.8487,77.0,84,1,6.85,clear sky
320,Noumea,NC,-22.2763,166.4572,84.99,99,45,14.07,scattered clouds
321,Belyy Yar,RU,53.6039,91.3903,-14.91,76,40,0.0,smoke
322,Lorengau,PG,-2.0226,147.2712,83.55,73,42,9.04,scattered clouds
323,Berlevag,NO,70.8578,29.0864,22.68,79,87,5.3,light snow
324,Half Moon Bay,US,37.4636,-122.4286,54.88,76,0,1.99,clear sky
325,Riyadh,SA,24.6877,46.7219,48.25,57,0,4.61,clear sky
326,Santa Rosalia,MX,27.3167,-112.2833,59.65,49,24,1.86,few clouds
327,Staritsa,RU,56.5075,34.9354,20.48,91,100,12.75,overcast clouds
328,Mildura,AU,-34.2,142.15,93.07,25,2,5.75,clear sky
329,Andenes,NO,69.3143,16.1194,22.98,68,100,5.75,overcast clouds
330,Abu Samrah,SY,35.3029,37.1841,38.61,83,56,6.13,broken clouds
331,Cururupu,BR,-1.8283,-44.8683,72.12,98,100,1.99,moderate rain
332,Hofn,IS,64.2539,-15.2082,32.23,62,100,7.36,overcast clouds
333,Kungurtug,RU,50.5994,97.5228,-8.25,89,39,1.16,scattered clouds
334,Santa Maria,BR,-29.6842,-53.8069,63.99,77,0,6.8,clear sky
335,Srednyaya Yelyuzan,RU,53.0241,45.9529,23.27,97,100,3.44,light snow
336,Manokwari,ID,-0.8667,134.0833,84.43,68,100,10.36,light rain
337,Oussouye,SN,12.485,-16.5469,68.18,53,68,10.71,broken clouds
338,Rockhampton,AU,-23.3833,150.5,87.69,58,100,11.5,overcast clouds
339,Padang,ID,-0.9492,100.3543,84.25,80,98,1.43,overcast clouds
340,Saldanha,ZA,-33.0117,17.9442,60.85,84,0,10.49,clear sky
341,Radviliskis,LT,55.8167,23.5333,35.65,93,75,19.57,broken clouds
342,Sinjar,IQ,36.3209,41.8754,39.85,74,100,1.03,overcast clouds
343,Mogadishu,SO,2.0371,45.3438,76.64,76,11,18.59,few clouds
344,Chilca,PE,-12.5211,-76.7372,72.61,86,95,6.44,overcast clouds
345,Sol-Iletsk,RU,51.1631,54.9918,20.43,96,99,10.18,light snow
346,Keffi,NG,8.8486,7.8736,68.09,20,30,4.68,scattered clouds
347,Hebi,CN,35.8992,114.1925,43.25,47,5,6.51,clear sky
348,Constantine,DZ,36.365,6.6147,27.81,93,0,2.3,clear sky
349,Pospelikha,RU,51.95,81.7667,2.75,88,96,6.38,overcast clouds
350,Lebu,CL,-37.6167,-73.65,56.43,90,6,7.9,clear sky
351,Severo-Kurilsk,RU,50.6789,156.125,25.11,88,100,13.62,light snow
352,Redlands,US,34.0556,-117.1825,58.64,32,98,3.65,overcast clouds
353,Siilinjarvi,FI,63.0833,27.6667,24.82,86,100,13.8,overcast clouds
354,Boguchany,RU,58.3814,97.4531,6.26,93,100,2.53,overcast clouds
355,Kavieng,PG,-2.5744,150.7967,81.57,78,100,3.89,moderate rain
356,Yinchuan,CN,38.4681,106.2731,25.63,17,8,8.93,clear sky
357,Erenhot,CN,43.6475,111.9767,10.98,88,100,14.36,light snow
358,Grindavik,IS,63.8424,-22.4338,34.27,93,20,18.41,light snow
359,Butembo,CD,0.15,29.2833,56.68,62,37,2.8,scattered clouds
360,Kaniama,CD,-7.5667,24.1833,65.66,96,100,2.19,overcast clouds
361,Ojinaga,MX,29.5667,-104.4167,50.41,53,0,5.75,clear sky
362,Tandlianwala,PK,31.0333,73.1333,58.86,32,55,3.13,broken clouds
363,Richards Bay,ZA,-28.783,32.0377,69.66,86,3,2.19,clear sky
364,Boende,CD,-0.2167,20.8667,69.04,71,100,1.21,overcast clouds
365,Adrar,MR,20.5022,-10.0711,68.04,15,88,11.74,overcast clouds
366,Karratha,AU,-20.7377,116.8463,98.13,35,54,14.81,broken clouds
367,Saint George,US,37.1041,-113.5841,54.07,28,0,3.0,clear sky
368,Touros,BR,-5.1989,-35.4608,76.1,83,83,9.37,broken clouds
369,Storforshei,NO,66.4043,14.5233,22.42,97,100,2.51,light snow
370,Srednekolymsk,RU,67.45,153.6833,-25.28,100,64,2.95,broken clouds
371,Bilma,NE,18.6853,12.9164,52.68,27,0,10.4,clear sky
372,Tuatapere,NZ,-46.1333,167.6833,67.44,66,100,2.44,overcast clouds
373,Sayat,TM,38.7839,63.8803,33.67,61,100,7.9,overcast clouds
374,Anito,PH,12.4497,125.2886,87.42,61,10,3.76,clear sky
375,Leshan,CN,29.5623,103.7639,47.23,66,100,0.4,overcast clouds
376,Liverpool,GB,53.4106,-2.9779,43.83,80,20,1.01,few clouds
377,The Valley,AI,18.217,-63.0578,77.09,73,3,8.79,clear sky
378,Shenjiamen,CN,29.9576,122.298,42.08,79,100,19.86,overcast clouds
379,Leningradskiy,RU,69.3833,178.4167,-11.2,91,71,4.16,broken clouds
380,Gweru,ZW,-19.45,29.8167,62.55,93,99,6.62,overcast clouds
381,Gushikawa,JP,26.3544,127.8686,69.03,75,75,11.5,broken clouds
382,Longhua,CN,23.6137,114.1919,58.71,51,20,6.98,few clouds
383,Turbat,PK,26.0023,63.044,67.68,62,0,0.74,clear sky
384,Mount Gambier,AU,-37.8333,140.7667,79.56,50,40,9.35,scattered clouds
385,Flin Flon,CA,54.7682,-101.865,-1.89,99,86,4.05,overcast clouds
386,Necochea,AR,-38.5473,-58.7368,73.04,63,39,17.56,scattered clouds
387,Wageningen,NL,51.9667,5.6667,44.06,79,40,9.22,scattered clouds
388,Ilulissat,GL,69.2167,-51.1,8.62,52,20,25.32,light shower snow
389,Port Blair,IN,11.6667,92.75,80.64,74,40,5.75,haze
390,Ostrovnoy,RU,68.0531,39.5131,18.61,92,100,9.6,light snow
391,Akdepe,TM,42.0551,59.3788,24.8,73,5,7.58,clear sky
392,Pitimbu,BR,-7.4706,-34.8086,77.59,81,96,6.87,overcast clouds
393,Parauna,BR,-16.9478,-50.4486,68.05,94,100,6.33,overcast clouds
394,Finschhafen,PG,-6.6024,147.8681,84.88,72,100,7.74,overcast clouds
395,Sulangan,PH,11.1373,123.7228,81.43,76,29,5.97,scattered clouds
396,Parabel,RU,58.6978,81.4825,2.7,94,100,6.06,overcast clouds
397,Preobrazheniye,RU,42.9019,133.9064,19.2,44,48,14.7,scattered clouds
398,College,US,64.8569,-147.8028,-18.45,76,0,0.0,clear sky
399,Santiago Del Estero,AR,-27.7951,-64.2615,72.55,47,0,6.02,clear sky
400,Kavaratti,IN,10.5669,72.642,81.37,69,90,9.15,overcast clouds
401,Yakeshi,CN,49.2833,120.7333,-6.23,93,82,4.65,broken clouds
402,Zhuhai,CN,22.2769,113.5678,66.97,67,0,21.85,clear sky
403,Rosarito,MX,32.3333,-117.0333,59.43,46,71,0.6,broken clouds
404,Kant,IN,27.8,79.8,57.25,57,0,12.48,clear sky
405,Champerico,GT,14.3,-91.9167,76.77,72,75,1.88,broken clouds
406,Haines Junction,CA,60.7522,-137.5108,10.35,79,100,8.05,overcast clouds
407,Koshurnikovo,RU,54.1667,93.3,-3.8,89,42,2.93,scattered clouds
408,Hailar,CN,49.2,119.7,-6.07,91,48,2.19,scattered clouds
409,Qasigiannguit,GL,68.8193,-51.1922,8.85,78,100,10.42,overcast clouds
410,Chifeng,CN,42.2683,118.9636,23.58,22,0,1.16,clear sky
411,Yarkovo,RU,57.4028,67.0786,7.61,95,100,4.74,overcast clouds
412,Lompoc,US,34.6391,-120.4579,59.13,78,0,4.61,mist
413,Natal,BR,-5.795,-35.2094,77.22,94,40,4.61,scattered clouds
414,Klaksvik,FO,62.2266,-6.589,31.12,63,100,10.29,overcast clouds
415,La Serena,CL,-29.9078,-71.2542,62.11,82,0,3.44,clear sky
416,Pasighat,IN,28.0667,95.3333,63.81,42,0,3.06,clear sky
417,Palmares Do Sul,BR,-30.2578,-50.5097,67.59,75,2,6.98,clear sky
418,Dalvik,IS,65.9702,-18.5286,33.73,84,100,9.71,overcast clouds
419,Khanpur,PK,28.6453,70.6567,61.92,24,9,4.99,clear sky
420,Krasnogorskoye,RU,52.2953,86.1979,4.23,86,62,3.38,broken clouds
421,Wanning,CN,18.8003,110.3967,61.59,92,100,5.53,overcast clouds
422,Mwinilunga,ZM,-11.7358,24.4293,62.02,98,96,3.87,overcast clouds
423,Ranong,TH,9.9658,98.6348,87.73,58,40,6.02,scattered clouds
424,Parrita,CR,9.5201,-84.3225,82.17,81,29,5.3,scattered clouds
425,Onega,RU,63.9061,38.1404,11.57,93,100,10.09,overcast clouds
426,Trairi,BR,-3.2778,-39.2689,74.66,89,99,5.46,overcast clouds
427,Biltine,TD,14.5333,20.9167,57.38,19,3,8.66,clear sky
428,Eydhafushi,MV,5.1033,73.0708,82.36,67,56,14.0,broken clouds
429,Lazarev,RU,52.225,141.5131,-2.49,86,6,0.94,clear sky
430,Wajir,KE,1.7471,40.0573,72.39,85,2,11.32,clear sky
431,Bontang,ID,0.1333,117.5,83.37,75,97,5.46,overcast clouds
432,Flinders,AU,-34.5833,150.8552,84.2,74,98,7.78,overcast clouds
433,Tsiroanomandidy,MG,-18.7667,46.0333,70.21,89,71,3.58,broken clouds
434,Skagen,DK,57.7209,10.5839,44.28,54,28,43.53,scattered clouds
435,Port-Gentil,GA,-0.7193,8.7815,80.76,80,99,9.57,overcast clouds
436,Chicama,PE,-7.8447,-79.1469,64.94,76,100,5.99,overcast clouds
437,Ningbo,CN,29.8782,121.5495,39.18,81,75,11.18,broken clouds
438,Markivka,UA,49.5229,39.5705,23.79,95,99,12.64,snow
439,Tekeli,KZ,44.83,78.8239,23.02,86,100,3.36,overcast clouds
440,Calera,US,33.1029,-86.7536,31.5,58,0,4.18,clear sky
441,Austin,US,30.2672,-97.7431,54.25,40,0,3.0,clear sky
442,Ust-Nera,RU,64.5667,143.2,-12.44,100,82,0.69,broken clouds
443,Katete,UG,-0.7818,29.7544,61.84,66,89,3.22,overcast clouds
444,Muhos,FI,64.808,25.9931,26.38,95,100,5.79,overcast clouds
445,Vila Velha,BR,-20.3297,-40.2925,78.75,89,0,5.75,clear sky
446,Axim,GH,4.8699,-2.2405,77.72,89,23,0.94,few clouds
447,Darlowo,PL,54.421,16.4107,38.19,81,94,40.18,overcast clouds
448,Hambantota,LK,6.1241,81.1185,82.81,69,6,8.59,clear sky
449,Senneterre,CA,48.3835,-77.2328,-16.38,100,34,0.31,scattered clouds
450,Buin,CL,-33.7333,-70.75,68.74,87,0,2.95,clear sky
451,Jepelacio,PE,-6.1167,-76.95,67.84,96,100,0.76,overcast clouds
452,Lumberton,US,34.6182,-79.0086,30.34,47,0,8.75,clear sky
453,Umm Lajj,SA,25.0213,37.2685,60.51,46,0,10.85,clear sky
454,Zhuzhou,CN,27.8333,113.15,39.33,74,91,6.82,overcast clouds
455,Tautira,PF,-17.7333,-149.15,80.62,74,49,8.34,light rain
456,Kainantu,PG,-6.2887,145.8655,73.58,67,97,0.89,moderate rain
457,Vostok,RU,46.4856,135.8833,-0.96,78,89,4.85,overcast clouds
458,Spornoye,RU,50.8448,37.2913,28.42,97,91,10.69,overcast clouds
459,Ryazanovskiy,RU,55.55,39.4333,8.55,99,92,3.96,overcast clouds
460,Marzuq,YE,14.4,46.4667,60.76,67,24,3.38,few clouds
461,Port Augusta,AU,-32.5,137.7667,99.72,29,17,12.08,few clouds
462,Peace River,CA,56.2501,-117.286,32.31,86,100,13.8,overcast clouds
463,Sao Joao Da Barra,BR,-21.6403,-41.0511,74.28,95,100,7.67,overcast clouds
464,Margate,GB,51.3813,1.3862,40.87,80,26,5.01,scattered clouds
465,Iralaya,HN,15.0,-83.2333,74.7,83,7,12.55,clear sky
466,Kimbe,PG,-5.5502,150.1429,86.43,65,53,6.49,light rain
467,Bud,US,39.447,-86.1758,23.92,71,97,8.61,overcast clouds
468,Inhambane,MZ,-23.865,35.3833,73.38,88,40,6.33,scattered clouds
469,Ambam,CM,2.3833,11.2833,71.31,82,99,3.67,overcast clouds
470,Shelby,US,35.2001,-89.8668,36.36,46,20,1.01,few clouds
471,Touba,CI,8.2833,-7.6833,70.92,25,90,0.81,overcast clouds
472,Rio Grande,BR,-32.035,-52.0986,67.95,66,6,11.79,clear sky
473,Sabang,ID,5.8933,95.3214,82.11,67,40,6.62,scattered clouds
474,Muros,ES,42.7762,-9.0603,45.1,60,18,5.66,few clouds
475,Soyo,AO,-6.1349,12.3689,78.15,88,100,3.69,overcast clouds
476,Yakovlevo,RU,50.8603,36.4478,28.65,96,90,11.1,overcast clouds
477,Tatvan,TR,38.5067,42.2817,14.86,96,100,3.98,overcast clouds
478,Rockland,US,41.1668,-74.0496,12.72,46,100,1.01,overcast clouds
479,Duldurga,RU,50.6761,113.5931,5.25,74,16,4.79,few clouds
480,Sweetwater,US,25.7634,-80.3731,49.01,56,0,1.01,clear sky
481,Aviles,ES,43.5547,-5.9248,49.37,80,100,4.0,overcast clouds
482,Conceicao Do Castelo,BR,-20.3683,-41.2439,67.28,91,98,4.65,overcast clouds
483,Magadan,RU,59.5667,150.8,18.75,77,100,12.15,overcast clouds
484,Henderson,US,36.0397,-114.9819,57.15,18,0,4.61,clear sky
485,Hay River,CA,60.8156,-115.7999,-4.02,77,100,10.36,light snow
486,Utete,TZ,-7.986,38.758,72.93,99,100,1.54,overcast clouds
487,Shahr-E Babak,IR,30.1165,55.1186,41.05,61,41,5.35,scattered clouds
488,Hornepayne,CA,49.2138,-84.7705,4.91,97,100,3.87,overcast clouds
489,Kidal,ML,18.4411,1.4078,63.63,16,10,13.38,clear sky
490,Santo Domingo,DO,18.5001,-69.9886,77.04,77,85,1.9,overcast clouds
491,Sault Sainte Marie,CA,46.5168,-84.3333,15.89,78,100,6.91,overcast clouds
492,Matagami,CA,49.7502,-77.6328,-14.69,84,0,4.61,clear sky
493,Manicore,BR,-5.8092,-61.3003,71.31,100,100,2.37,light rain
494,Moundsville,US,39.9203,-80.7431,9.55,82,85,2.21,overcast clouds
495,Palmer,US,42.1584,-72.3287,11.62,54,100,3.0,overcast clouds
496,Maningrida,AU,-12.0667,134.2667,80.15,85,100,17.81,moderate rain
497,Tura,IN,25.5198,90.2201,64.33,41,0,2.95,clear sky
498,Tukrah,LY,32.5341,20.5791,53.11,69,100,31.85,overcast clouds
499,Hobyo,SO,5.3505,48.5268,74.14,74,90,15.21,overcast clouds
500,Sungai Besar,MY,3.6746,100.9867,89.65,77,99,4.83,overcast clouds
501,Chissamba,AO,-12.1667,17.3333,60.98,95,100,2.68,overcast clouds
502,Buala,SB,-8.145,159.5921,85.3,71,99,7.4,light rain
503,Cortez,US,37.3489,-108.5859,37.42,67,0,4.61,clear sky
504,Pacific Grove,US,36.6177,-121.9166,53.42,75,0,1.99,clear sky
505,Mogocha,RU,53.7333,119.7667,8.24,60,7,4.43,clear sky
506,Altay,CN,47.8667,88.1167,8.06,65,91,3.6,overcast clouds
507,Pundaguitan,PH,6.3711,126.1689,81.36,73,93,2.68,overcast clouds
508,Novolugovoye,RU,54.9792,83.1138,3.4,84,54,4.74,broken clouds
509,Broken Hill,AU,-31.95,141.4333,87.35,45,54,8.23,broken clouds
510,Nazas,MX,25.2333,-104.1333,54.1,54,1,4.41,clear sky
511,Polunochnoye,RU,60.8697,60.4153,-5.58,100,100,1.99,overcast clouds
512,Torbay,CA,47.6666,-52.7314,46.27,95,100,32.21,heavy intensity rain
513,Rajauri,IN,33.3833,74.3,54.64,41,0,3.44,clear sky
514,Veraval,IN,20.9,70.3667,71.01,28,0,6.08,clear sky
515,Havre-Saint-Pierre,CA,50.2334,-63.5986,14.0,85,100,28.77,overcast clouds
516,Petropavlovsk-Kamchatskiy,RU,53.0452,158.6483,27.19,80,75,4.47,broken clouds
517,Sao Caetano De Odivelas,BR,-0.75,-48.02,72.48,97,100,3.22,overcast clouds
518,Ocampo,MX,21.65,-101.5,48.69,60,13,6.82,few clouds
519,Quatre Cocos,MU,-20.2078,57.7625,83.08,71,98,14.67,overcast clouds
520,Ceyhan,TR,37.0247,35.8175,46.24,74,100,5.84,overcast clouds
521,Rochdale,GB,53.6177,-2.1552,41.59,89,49,2.35,scattered clouds
522,Skibbereen,IE,51.55,-9.2667,39.0,72,75,2.17,broken clouds
523,Poum,NC,-20.2333,164.0167,81.84,77,100,8.66,overcast clouds
524,Okhotsk,RU,59.3833,143.3,17.31,80,100,14.09,overcast clouds
525,Sainte-Luce,MQ,14.4673,-60.9271,75.43,78,20,3.44,few clouds
526,Sibolga,ID,1.7427,98.7792,83.75,70,82,3.18,broken clouds
527,Atar,MR,20.5169,-13.0499,71.71,23,99,7.0,overcast clouds
528,Kilindoni,TZ,-7.9139,39.6668,77.25,86,99,9.4,moderate rain
529,Chake Chake,TZ,-5.2459,39.7666,77.85,81,100,9.8,overcast clouds
530,Mezhdurechensk,RU,53.6942,88.0603,9.61,84,98,2.44,overcast clouds
531,Hanyang,CN,32.1371,105.5126,40.75,71,97,1.54,overcast clouds
532,Itarema,BR,-2.9248,-39.9167,75.87,84,98,8.95,light rain
533,Alyangula,AU,-13.8483,136.4192,84.15,73,100,14.34,moderate rain
534,Port Hardy,CA,50.6996,-127.4199,47.75,81,100,21.85,light rain
535,Mkushi,ZM,-13.6202,29.3939,63.97,99,100,1.88,moderate rain
536,Bulri,PK,24.8667,68.3333,68.29,72,0,8.32,clear sky
537,Colon,PA,9.3592,-79.9014,77.02,85,50,5.99,scattered clouds
538,Bonfim,BR,3.0833,-59.95,80.6,50,89,8.99,overcast clouds
539,Khani,GE,41.9563,42.9566,24.37,77,67,7.4,broken clouds
540,Loikaw,MM,19.6742,97.2094,73.26,23,48,3.11,scattered clouds
541,Bushehr,IR,28.9684,50.8385,57.22,58,0,9.22,clear sky
542,Kozhva,RU,65.1073,57.0459,14.65,91,100,10.4,overcast clouds
543,Gondanglegi,ID,-7.7479,112.0132,87.44,65,86,3.51,overcast clouds
544,Vao,NC,-22.6667,167.4833,80.11,86,8,18.92,clear sky
545,Chumikan,RU,54.7183,135.315,4.51,80,100,19.3,overcast clouds
546,Forbes,AU,-33.3833,148.0167,88.92,37,20,9.73,few clouds
547,Road Town,VG,18.4167,-64.6167,73.99,65,0,8.08,clear sky
548,Cartagena Del Chaira,CO,1.3349,-74.8429,74.7,64,77,2.62,broken clouds
549,Ust-Ordynskiy,RU,52.805,104.7508,-9.18,99,100,0.54,overcast clouds
550,Muroto,JP,33.2833,134.15,50.04,61,100,5.19,overcast clouds
551,Bol,TD,13.4586,14.7147,63.09,35,91,20.76,overcast clouds
552,Emba,KZ,48.8264,58.1442,14.07,96,97,7.61,overcast clouds
553,Beloha,MG,-25.1667,45.05,73.89,80,61,10.29,broken clouds
554,Nikel,RU,69.4128,30.222,-0.22,100,95,1.19,overcast clouds
555,Loa Janan,ID,-0.583,117.095,90.21,57,100,1.77,overcast clouds
556,Paamiut,GL,61.994,-49.6678,12.24,70,100,6.64,light snow
557,Namatanai,PG,-3.6667,152.4333,82.74,77,100,5.41,moderate rain
558,Bambanglipuro,ID,-7.95,110.2833,76.6,71,92,6.42,overcast clouds
559,Mabaruma,GY,8.2,-59.7833,69.87,91,22,1.86,few clouds
560,Plavsk,RU,53.7094,37.2919,14.09,98,93,8.19,overcast clouds
561,Esperance,AU,-33.8667,121.9,98.44,45,6,13.38,clear sky
562,Chute-Aux-Outardes,CA,49.1168,-68.399,8.91,78,100,16.11,snow
563,Kampot,KH,10.6167,104.1833,86.05,59,52,7.29,broken clouds
564,Sokoni,TZ,-6.4333,39.55,79.32,78,100,8.7,overcast clouds
565,Vaitape,PF,-16.5167,-151.75,80.8,71,100,6.29,overcast clouds
566,Macau,MO,22.2006,113.5461,65.79,67,0,21.85,clear sky
567,Cooma,AU,-36.2333,149.1333,67.77,88,100,6.91,light rain
568,Kudahuvadhoo,MV,2.6708,72.8944,81.36,74,80,10.58,broken clouds
569,Bowmore,US,34.9421,-79.3031,28.74,36,0,6.91,clear sky
570,Isparta,TR,38.0,31.0,20.16,91,100,3.6,light snow
571,Shima,CN,24.4478,117.8111,61.21,68,94,4.59,overcast clouds
572,Bongandanga,CD,1.5,21.05,66.04,42,12,1.72,few clouds
573,Ostersund,SE,63.1792,14.6357,28.62,93,100,10.36,overcast clouds
574,Novyy Urgal,RU,51.0736,132.5642,-14.08,87,81,0.94,broken clouds
575,Acambay,MX,19.9558,-99.8417,49.98,71,48,0.31,scattered clouds
576,Seydi,TM,39.4816,62.9137,34.74,73,91,9.22,overcast clouds
577,Nisia Floresta,BR,-6.0911,-35.2086,77.38,88,100,4.92,overcast clouds
578,Lodja,CD,-3.4833,23.4333,71.1,80,100,1.97,overcast clouds
579,Asilah,MA,35.465,-6.0348,57.16,81,65,12.46,broken clouds
580,Loves Park,US,42.32,-89.0582,18.72,79,0,4.0,clear sky
581,Guadalupe Y Calvo,MX,26.1,-106.9667,41.65,64,22,3.98,few clouds
582,Puerto Narino,CO,-3.7703,-70.3831,76.95,78,88,2.33,overcast clouds
583,Lucea,JM,18.451,-78.1736,76.86,80,16,22.73,few clouds
584,Sao Felix Do Xingu,BR,-6.6447,-51.995,69.93,98,100,1.16,overcast clouds
585,La Macarena,CO,2.1837,-73.7849,76.12,58,92,3.04,overcast clouds
586,Weligama,LK,5.9667,80.4167,84.43,59,6,5.48,clear sky
587,Vila Franca Do Campo,PT,37.7167,-25.4333,57.61,68,78,11.81,broken clouds
588,Znamenskoye,RU,57.1281,73.8282,7.66,85,100,8.61,overcast clouds
589,Tupik,RU,54.4253,119.9327,-0.49,78,12,3.83,few clouds
590,Guerrero Negro,MX,27.9769,-114.0611,61.21,66,7,10.47,clear sky
591,Sechura,PE,-5.5569,-80.8222,72.84,73,89,13.04,overcast clouds
592,Uaua,BR,-9.8414,-39.4817,71.65,76,100,1.41,overcast clouds
593,Saint-Augustin,CA,51.226,-58.6502,12.04,93,100,30.71,snow
594,Lascahobas,HT,18.8294,-71.9364,76.64,85,68,0.72,broken clouds
595,Roma,US,43.2128,-75.4557,6.58,61,0,4.61,clear sky
596,Luderitz,NA,-26.6481,15.1594,66.25,82,18,4.18,few clouds
597,Lata,PT,40.1629,-8.3327,49.71,50,0,5.1,clear sky
598,Chinhoyi,ZW,-17.3667,30.2,64.04,96,100,6.93,overcast clouds
599,Piacabucu,BR,-10.4056,-36.4344,77.23,69,100,7.78,overcast clouds
600,Tres Arroyos,AR,-38.3739,-60.2798,72.5,57,73,17.6,broken clouds
601,Edd,ER,13.9297,41.6925,76.53,68,41,6.42,scattered clouds
602,Miraflores,MX,19.2167,-98.8083,60.03,67,86,1.81,overcast clouds
603,Hecun,CN,36.5333,114.1111,42.22,45,6,5.68,clear sky
604,Goderich,CA,43.7501,-81.7165,15.91,73,100,10.36,overcast clouds
605,Lianyuan,CN,27.6883,111.6642,39.69,77,100,4.9,overcast clouds
606,Salta,AR,-24.7859,-65.4117,68.29,87,75,3.44,broken clouds
607,Praia Da Vitoria,PT,38.7333,-27.0667,57.45,88,40,14.65,scattered clouds
608,Poya,NC,-21.35,165.15,86.81,64,61,11.21,broken clouds
609,Bosaso,SO,11.2842,49.1816,75.18,73,20,0.0,few clouds
610,Dhidhdhoo,MV,6.8833,73.1,82.63,71,54,16.04,broken clouds
611,San Vicente,AR,-26.6167,-54.1333,61.32,93,45,2.77,scattered clouds
612,Cascais,PT,38.6979,-9.4215,55.47,35,99,5.01,overcast clouds
613,Smoky Lake,CA,54.1169,-112.4686,24.42,91,100,4.27,overcast clouds
614,Benghazi,LY,32.1167,20.0667,54.34,62,90,29.51,overcast clouds
615,Pirgos,GR,35.1167,25.7178,51.48,91,94,6.91,overcast clouds
616,Luzhou,CN,28.8724,105.4405,48.15,68,57,2.26,broken clouds
617,Mayo,US,38.8876,-76.5119,22.98,50,0,11.99,clear sky
618,Ushirombo,TZ,-3.4919,31.9639,64.99,82,100,2.19,overcast clouds
619,Niksar,TR,40.5917,36.9517,25.75,81,100,5.75,overcast clouds
620,Anadyr,RU,64.75,177.4833,-8.9,77,75,0.0,fog
621,Dubbo,AU,-32.25,148.6167,89.73,43,40,6.91,scattered clouds
622,Port Antonio,JM,18.18,-76.4612,76.91,82,2,8.01,clear sky
623,San Lorenzo,PY,-25.3333,-57.5333,72.59,68,0,1.99,clear sky
624,Kutum,SD,14.2,24.6667,47.68,26,7,5.75,clear sky
625,Bayir,TR,37.2687,28.2167,43.32,77,100,4.36,overcast clouds
626,Marienburg,PL,54.0359,19.0266,40.95,78,100,29.28,overcast clouds
627,Boa Vista,BR,2.8197,-60.6733,80.58,57,0,6.91,clear sky
628,Talnakh,RU,69.4865,88.3972,-2.79,97,100,8.39,overcast clouds
629,Saqqez,IR,36.2499,46.2735,6.24,100,49,4.34,scattered clouds
630,Kamaishi,JP,39.2667,141.8833,32.95,53,45,16.53,scattered clouds
631,Ulaanbaatar,MN,47.9077,106.8832,-2.07,78,75,2.24,broken clouds
632,Canton,CN,23.1167,113.25,61.0,49,1,11.39,clear sky
633,Port Macquarie,AU,-31.4333,152.9167,78.89,64,41,9.08,scattered clouds
634,Troitskoye,RU,52.9821,84.6757,5.81,87,32,5.14,scattered clouds
635,Rorvik,NO,64.8621,11.2373,38.79,69,100,39.66,light rain
636,Nemuro,JP,43.3236,145.575,21.63,49,9,15.14,clear sky
637,San Pedro,PH,14.35,121.0167,89.31,68,20,18.41,few clouds
638,Yajalon,MX,17.2333,-92.3333,57.52,100,100,1.77,overcast clouds
639,Tevaitoa,PF,-16.7833,-151.5,80.49,73,100,6.62,light rain
640,Sao Geraldo Do Araguaia,BR,-6.4006,-48.555,71.31,97,100,3.11,overcast clouds
641,Windhoek,NA,-22.5594,17.0832,66.11,85,75,2.3,broken clouds
642,Leshukonskoye,RU,64.8989,45.7622,7.16,96,100,6.89,overcast clouds
643,Shimoda,JP,34.6667,138.95,48.56,57,96,8.37,overcast clouds
644,Umm Kaddadah,SD,13.6017,26.6876,52.12,27,3,13.73,clear sky
645,Laukaa,RU,58.7372,29.8453,25.65,93,100,15.26,snow
646,Camaqua,BR,-30.8511,-51.8122,63.82,77,45,3.51,scattered clouds
647,Porto Novo,BJ,6.4965,2.6036,75.02,38,46,3.74,scattered clouds
648,Werda,BW,-25.2667,23.2833,71.8,71,90,13.33,overcast clouds
649,Pacifica,US,37.6138,-122.4869,55.17,80,20,1.99,few clouds
650,Irati,BR,-25.4672,-50.6511,59.45,100,100,2.86,overcast clouds
651,Brandon,US,27.9378,-82.2859,47.86,77,0,3.0,clear sky
652,Mataram,ID,-8.5833,116.1167,86.81,76,92,7.9,overcast clouds
653,Ust-Tsilma,RU,65.441,52.1498,16.02,93,99,6.93,overcast clouds
654,Roebourne,AU,-20.7833,117.1333,100.92,30,36,9.08,scattered clouds
655,Luanda,AO,-8.8368,13.2343,77.04,85,100,4.65,overcast clouds
656,Maceio,BR,-9.6658,-35.7353,76.44,88,75,2.3,broken clouds
657,Limbang,MY,4.75,115.0,86.31,72,100,3.24,overcast clouds
658,Asau,RO,46.4333,26.4,35.76,71,100,11.56,light snow
659,Gamba,GA,-2.65,10.0,76.08,92,91,0.78,overcast clouds
660,Lahan,NP,26.7296,86.4951,61.47,46,0,3.31,clear sky
661,Bac Lieu,VN,9.285,105.7244,84.04,64,50,9.98,scattered clouds
662,Nguruka,TZ,-5.1092,31.0419,63.99,95,100,1.25,overcast clouds
663,Bowen,AU,-20.0167,148.2333,88.02,64,2,16.69,clear sky
664,Tigil,RU,57.8,158.6667,24.93,80,100,11.14,overcast clouds
665,Birzai,LT,56.2,24.75,35.26,94,100,20.74,overcast clouds
666,Inirida,CO,3.8653,-67.9239,73.27,61,49,2.57,scattered clouds
667,Amantea,IT,39.1332,16.0746,48.15,52,21,1.77,few clouds
668,Blackwater,AU,-23.5833,148.8833,90.27,40,59,13.65,broken clouds
669,Rovaniemi,FI,66.5,25.7167,8.01,85,20,16.11,few clouds
670,Rock Sound,BS,24.9,-76.2,63.59,60,95,21.47,overcast clouds
671,Katherine,AU,-14.4667,132.2667,88.12,66,99,17.27,light rain
672,Praia,CV,14.9215,-23.5087,68.54,68,40,21.85,scattered clouds
673,La Ronge,CA,55.1001,-105.2842,12.45,85,100,5.75,overcast clouds
674,Rocha,UY,-34.4833,-54.3333,61.18,90,7,6.62,clear sky
675,Meulaboh,ID,4.1363,96.1285,84.69,68,17,2.06,few clouds
676,Contamana,PE,-7.3333,-75.0167,74.57,91,100,2.1,moderate rain
677,Moussoro,TD,13.6408,16.4901,56.91,20,32,12.91,scattered clouds
